label,num_frames,elapsed_sec,fps,success_rate,auc,mean_iou,conf_frames,qual_thresh
确认2帧_阈值0.58,50,38.18,1.31,0.019999999552965164,0.0714285746216774,0.061608525049709754,2,0.58
确认2帧_阈值0.65,50,38.17,1.31,0.019999999552965164,0.0714285746216774,0.061608525049709754,2,0.65
确认2帧_阈值0.72,50,38.12,1.31,0.019999999552965164,0.0714285746216774,0.061608525049709754,2,0.72
确认2帧_阈值0.78,50,38.41,1.3,0.019999999552965164,0.0714285746216774,0.061608525049709754,2,0.78
确认1帧_阈值0.58,50,37.12,1.35,0.03999999910593033,0.0657142773270607,0.06368691827236207,1,0.58
确认1帧_阈值0.65,50,37.09,1.35,0.03999999910593033,0.0657142773270607,0.06368691827236207,1,0.65
确认1帧_阈值0.72,50,38.35,1.3,0.03999999910593033,0.0657142773270607,0.06368691827236207,1,0.72
确认1帧_阈值0.78,50,38.53,1.3,0.03999999910593033,0.0657142773270607,0.06368691827236207,1,0.78
确认3帧_阈值0.58,50,37.84,1.32,0.03999999910593033,0.0657142773270607,0.06368691827236207,3,0.58
确认3帧_阈值0.65,50,37.2,1.34,0.03999999910593033,0.0657142773270607,0.06368691827236207,3,0.65
确认3帧_阈值0.72,50,37.02,1.35,0.03999999910593033,0.0657142773270607,0.06368691827236207,3,0.72
确认3帧_阈值0.78,50,37.02,1.35,0.03999999910593033,0.0657142773270607,0.06368691827236207,3,0.78
确认4帧_阈值0.58,50,36.68,1.36,0.019999999552965164,0.06476189941167831,0.06049788095170542,4,0.58
确认4帧_阈值0.65,50,37.2,1.34,0.019999999552965164,0.06476189941167831,0.06049788095170542,4,0.65
确认4帧_阈值0.72,50,37.27,1.34,0.019999999552965164,0.06476189941167831,0.06049788095170542,4,0.72
确认4帧_阈值0.78,50,37.26,1.34,0.019999999552965164,0.06476189941167831,0.06049788095170542,4,0.78
