label,num_frames,elapsed_sec,fps,success_rate,auc,mean_iou,error
reloc=12°×9°,50,38.993481299999985,1.282265607815838,0.03999999910593033,0.0657142773270607,0.06368691827236207,
reloc=18°×12°,50,37.69470680000086,1.3264461842159456,0.03999999910593033,0.0657142773270607,0.06368691827236207,
reloc=24°×18° (baseline),50,40.379782699994394,1.238243414321468,0.03999999910593033,0.0657142773270607,0.06368691827236207,
reloc=36°×24°,50,38.021241599999485,1.3150543721328838,0.03999999910593033,0.0657142773270607,0.06368691827236207,
reloc=48°×36°,50,37.148285999996006,1.345957118990776,0.03999999910593033,0.0657142773270607,0.06368691827236207,
topk=1,50,37.48722579999594,1.3337876818829686,0.03999999910593033,0.0657142773270607,0.06368691827236207,
topk=3 (baseline),50,37.2501409999968,1.3422767983617645,0.03999999910593033,0.0657142773270607,0.06368691827236207,
topk=5,50,37.088470699993195,1.348127842866521,0.03999999910593033,0.0657142773270607,0.06368691827236207,
topk=8,50,36.7587618999969,1.3602199153504193,0.03999999910593033,0.0657142773270607,0.06368691827236207,
